timestamp,latent_intensity,attack_count
2025-01-01 00:00:00,2.9999999999999996,1
2025-01-01 01:00:00,3.572150572780526,2
2025-01-01 02:00:00,3.4851184433260367,2
2025-01-01 03:00:00,4.30964436065529,6
2025-01-01 04:00:00,6.856475053213095,8
2025-01-01 05:00:00,6.291249368870542,6
2025-01-01 06:00:00,5.79753312260194,9
2025-01-01 07:00:00,9.242354031237163,7
2025-01-01 08:00:00,11.283134649626396,10
2025-01-01 09:00:00,9.41000256970208,12
2025-01-01 10:00:00,10.728722319780639,16
2025-01-01 11:00:00,8.986512463463697,11
2025-01-01 12:00:00,7.588937279766387,9
2025-01-01 13:00:00,7.991812375780212,7
2025-01-01 14:00:00,4.397272703202965,4
2025-01-01 15:00:00,2.6377646341782106,3
2025-01-01 16:00:00,2.3007171401520647,1
2025-01-01 17:00:00,1.7650559510650807,4
2025-01-01 18:00:00,2.0432044129019453,2
2025-01-01 19:00:00,1.627195646337262,0
2025-01-01 20:00:00,1.126703319543913,0
2025-01-01 21:00:00,1.8841893608591376,0
2025-01-01 22:00:00,1.848846262279536,2
2025-01-01 23:00:00,1.9829072372261825,0
2025-01-02 00:00:00,1.3544335270756336,2
2025-01-02 01:00:00,1.2279808298098,1
2025-01-02 02:00:00,1.3618598881495718,0
2025-01-02 03:00:00,1.0289949880895919,2
2025-01-02 04:00:00,1.2464939345629695,3
2025-01-02 05:00:00,1.1158297613629564,1
2025-01-02 06:00:00,1.1019509105831637,1
2025-01-02 07:00:00,0.9922184023620582,0
2025-01-02 08:00:00,1.875234878910193,2
2025-01-02 09:00:00,1.9615205288631912,2
2025-01-02 10:00:00,1.4965950659544662,3
2025-01-02 11:00:00,2.0345370771149054,5
2025-01-02 12:00:00,1.4754657423701292,2
2025-01-02 13:00:00,1.6697200651822897,3
2025-01-02 14:00:00,0.9798008383535649,1
2025-01-02 15:00:00,0.7136450454485338,1
2025-01-02 16:00:00,0.8344596992591202,2
2025-01-02 17:00:00,1.1389304050651146,3
2025-01-02 18:00:00,1.2910650291596724,3
2025-01-02 19:00:00,1.3343863437471661,1
2025-01-02 20:00:00,1.3023739696054373,3
2025-01-02 21:00:00,0.8939500227069335,1
2025-01-02 22:00:00,0.7850706974091042,1
2025-01-02 23:00:00,0.7500599327700835,0
2025-01-03 00:00:00,1.132453487019625,1
2025-01-03 01:00:00,1.3521887334647524,2
2025-01-03 02:00:00,0.8506097654797865,0
2025-01-03 03:00:00,1.0242753241150189,1
2025-01-03 04:00:00,0.987808234307686,0
2025-01-03 05:00:00,0.8743643929635844,1
2025-01-03 06:00:00,1.1461742082015882,1
2025-01-03 07:00:00,1.6809849345710484,2
2025-01-03 08:00:00,2.3473025761570407,1
2025-01-03 09:00:00,1.8951729979419683,1
2025-01-03 10:00:00,1.813126680445713,2
2025-01-03 11:00:00,2.106759716253588,5
2025-01-03 12:00:00,2.9477110885583118,1
2025-01-03 13:00:00,2.6213701600265678,4
2025-01-03 14:00:00,2.560714928362982,2
2025-01-03 15:00:00,1.8999803944243139,1
2025-01-03 16:00:00,1.3928629392002125,1
2025-01-03 17:00:00,1.8946286852803473,2
2025-01-03 18:00:00,2.9874364209477733,3
2025-01-03 19:00:00,2.9998542756970012,1
2025-01-03 20:00:00,4.158553477603108,4
2025-01-03 21:00:00,4.678004502316332,6
2025-01-03 22:00:00,3.8677154831890004,6
2025-01-03 23:00:00,4.366323692161709,6
2025-01-04 00:00:00,6.973436818184236,8
2025-01-04 01:00:00,6.785085298700049,4
2025-01-04 02:00:00,10.68515627159054,12
2025-01-04 03:00:00,4.687789281053967,6
2025-01-04 04:00:00,6.018004310551002,7
2025-01-04 05:00:00,6.120256000845534,4
2025-01-04 06:00:00,5.538886124820995,5
2025-01-04 07:00:00,5.664416439560896,5
2025-01-04 08:00:00,3.1009077927155455,3
2025-01-04 09:00:00,2.9733239110935723,6
2025-01-04 10:00:00,3.396692389933268,4
2025-01-04 11:00:00,5.395159345737439,5
2025-01-04 12:00:00,4.600743208578703,6
2025-01-04 13:00:00,3.624914781230469,4
2025-01-04 14:00:00,3.1688984106869986,5
2025-01-04 15:00:00,4.266557742216888,3
2025-01-04 16:00:00,4.746294525165597,7
2025-01-04 17:00:00,4.0594189087822,5
2025-01-04 18:00:00,4.784779637796844,7
2025-01-04 19:00:00,4.937026036473397,7
2025-01-04 20:00:00,6.606079551049457,8
2025-01-04 21:00:00,5.277470010159356,2
2025-01-04 22:00:00,4.770483816894043,6
2025-01-04 23:00:00,4.251044817409414,3
2025-01-05 00:00:00,2.762742825708067,2
2025-01-05 01:00:00,3.1103048510915294,2
2025-01-05 02:00:00,3.4444808081897866,2
2025-01-05 03:00:00,3.514651794795631,3
2025-01-05 04:00:00,3.3340546983983765,2
2025-01-05 05:00:00,2.225185769220056,1
2025-01-05 06:00:00,2.0424022375900255,4
2025-01-05 07:00:00,1.9272187261787452,2
2025-01-05 08:00:00,1.5889329804117802,0
2025-01-05 09:00:00,1.6031905799369706,2
2025-01-05 10:00:00,1.9157000572321325,2
2025-01-05 11:00:00,3.5392209450300824,2
2025-01-05 12:00:00,3.794514756707386,2
2025-01-05 13:00:00,4.156260387737942,3
2025-01-05 14:00:00,4.10219854049595,1
2025-01-05 15:00:00,2.329811673397489,4
2025-01-05 16:00:00,2.4013133060857847,1
2025-01-05 17:00:00,2.536425907911351,2
2025-01-05 18:00:00,5.494033571554099,5
2025-01-05 19:00:00,5.16158224704839,9
2025-01-05 20:00:00,5.6413145204836335,7
2025-01-05 21:00:00,5.549287929871184,3
2025-01-05 22:00:00,3.8878434544275473,3
2025-01-05 23:00:00,5.547129744800863,3
2025-01-06 00:00:00,6.914830167273864,4
2025-01-06 01:00:00,8.625875493546879,8
2025-01-06 02:00:00,6.389677516625957,2
2025-01-06 03:00:00,9.614379084160394,10
2025-01-06 04:00:00,6.110529226939219,10
2025-01-06 05:00:00,7.214130992536959,8
2025-01-06 06:00:00,13.665142354250138,15
2025-01-06 07:00:00,9.654429475147209,15
2025-01-06 08:00:00,7.8823695154269195,9
2025-01-06 09:00:00,7.938818302750922,9
2025-01-06 10:00:00,6.669903642425692,6
2025-01-06 11:00:00,4.1288462477290455,5
2025-01-06 12:00:00,4.25518779698497,1
2025-01-06 13:00:00,3.1190009222840214,1
2025-01-06 14:00:00,3.681008345106695,4
2025-01-06 15:00:00,2.8367868214224328,1
2025-01-06 16:00:00,4.6459256320252535,8
2025-01-06 17:00:00,3.6865350419868355,1
2025-01-06 18:00:00,3.398404628052402,3
2025-01-06 19:00:00,4.422335059371784,3
2025-01-06 20:00:00,3.0757447243920577,6
2025-01-06 21:00:00,3.3739345371831555,2
2025-01-06 22:00:00,5.093118549667469,5
2025-01-06 23:00:00,3.1415701843286787,2
2025-01-07 00:00:00,3.3985492525435292,2
2025-01-07 01:00:00,3.7457353450957593,8
2025-01-07 02:00:00,4.804753839819407,6
2025-01-07 03:00:00,3.3218179318686407,1
2025-01-07 04:00:00,2.281473496133755,0
2025-01-07 05:00:00,2.774955731730656,3
2025-01-07 06:00:00,3.124175325139186,5
2025-01-07 07:00:00,3.4481283807738707,3
2025-01-07 08:00:00,3.897543039382378,3
2025-01-07 09:00:00,3.2181077309477613,4
2025-01-07 10:00:00,3.5271911786492316,4
2025-01-07 11:00:00,3.919132777173171,2
2025-01-07 12:00:00,3.201896688185459,4
2025-01-07 13:00:00,5.730257283074254,3
2025-01-07 14:00:00,6.5606795080448235,5
2025-01-07 15:00:00,4.527275476717683,4
2025-01-07 16:00:00,5.540320110807324,4
2025-01-07 17:00:00,4.114498935466831,5
2025-01-07 18:00:00,5.2613544048144885,4
2025-01-07 19:00:00,7.429210763107137,8
2025-01-07 20:00:00,5.6940162839704955,5
2025-01-07 21:00:00,7.552886368445568,10
2025-01-07 22:00:00,8.374065378014702,5
2025-01-07 23:00:00,10.443423443098684,13
2025-01-08 00:00:00,17.78194493262731,14
2025-01-08 01:00:00,15.504493622936524,12
2025-01-08 02:00:00,11.686384482680044,11
2025-01-08 03:00:00,8.577313814299371,10
2025-01-08 04:00:00,6.536445785684214,10
2025-01-08 05:00:00,6.30198879104282,6
2025-01-08 06:00:00,6.9008147858004945,8
2025-01-08 07:00:00,7.378251234769342,9
2025-01-08 08:00:00,9.274203124285131,12
2025-01-08 09:00:00,9.027245815220873,10
2025-01-08 10:00:00,13.555157062963456,9
2025-01-08 11:00:00,11.911490972289434,11
2025-01-08 12:00:00,25.794235316446997,28
2025-01-08 13:00:00,28.668976447376053,26
2025-01-08 14:00:00,20.314794787805585,22
2025-01-08 15:00:00,13.735532696757558,16
2025-01-08 16:00:00,15.092537520893377,17
2025-01-08 17:00:00,13.355435517953843,10
2025-01-08 18:00:00,15.752503860231826,13
2025-01-08 19:00:00,17.143044871230238,20
2025-01-08 20:00:00,15.770421665691966,13
2025-01-08 21:00:00,11.549742153375067,13
2025-01-08 22:00:00,7.031131774251597,7
2025-01-08 23:00:00,6.045702630766108,6
2025-01-09 00:00:00,7.742865657554203,9
2025-01-09 01:00:00,8.077910882700348,5
2025-01-09 02:00:00,5.427219188249861,6
2025-01-09 03:00:00,5.69325255853094,7
2025-01-09 04:00:00,6.349555026747817,6
2025-01-09 05:00:00,4.812805431504537,3
2025-01-09 06:00:00,5.0495825832947405,9
2025-01-09 07:00:00,5.136001277378061,8
2025-01-09 08:00:00,3.6402118504055188,2
2025-01-09 09:00:00,4.117507029573492,6
2025-01-09 10:00:00,4.919430389588326,3
2025-01-09 11:00:00,6.813598402831541,6
2025-01-09 12:00:00,9.203527851264797,4
2025-01-09 13:00:00,5.9048769682396225,2
2025-01-09 14:00:00,4.419886721685326,6
2025-01-09 15:00:00,5.190296577688078,3
2025-01-09 16:00:00,6.04395729392869,7
2025-01-09 17:00:00,6.987286134271147,9
2025-01-09 18:00:00,21.827681598361472,24
2025-01-09 19:00:00,24.06501348432512,20
2025-01-09 20:00:00,31.27636490996853,33
2025-01-09 21:00:00,37.992622167726616,29
2025-01-09 22:00:00,41.73798640202568,41
2025-01-09 23:00:00,34.14896227580578,26
2025-01-10 00:00:00,38.9530957854236,44
2025-01-10 01:00:00,27.87874774300193,19
2025-01-10 02:00:00,23.828867100243745,34
2025-01-10 03:00:00,19.05283087500876,21
2025-01-10 04:00:00,18.263217157092175,19
2025-01-10 05:00:00,34.278353409954306,36
2025-01-10 06:00:00,17.780114927346986,21
2025-01-10 07:00:00,20.50208548525582,27
2025-01-10 08:00:00,11.77710527231407,12
2025-01-10 09:00:00,9.79372506129071,5
2025-01-10 10:00:00,13.128846883303192,8
2025-01-10 11:00:00,12.753773258741223,11
2025-01-10 12:00:00,8.808210284901701,15
2025-01-10 13:00:00,6.9086955485509085,7
2025-01-10 14:00:00,8.33524592432904,6
2025-01-10 15:00:00,6.526235447200623,5
2025-01-10 16:00:00,6.871952238906427,6
2025-01-10 17:00:00,6.856651962047368,4
2025-01-10 18:00:00,5.550844610438095,2
2025-01-10 19:00:00,10.505592303840578,13
2025-01-10 20:00:00,12.243068404108575,10
2025-01-10 21:00:00,6.376638357544653,9
2025-01-10 22:00:00,6.661983030607785,8
2025-01-10 23:00:00,5.384542178848767,3
2025-01-11 00:00:00,6.927905776253759,7
2025-01-11 01:00:00,5.373585444692544,9
2025-01-11 02:00:00,5.173097098858723,3
2025-01-11 03:00:00,6.009046372051292,9
2025-01-11 04:00:00,7.719898476001794,10
2025-01-11 05:00:00,5.269809036927245,11
2025-01-11 06:00:00,4.754140604719296,3
2025-01-11 07:00:00,4.133206300133896,5
2025-01-11 08:00:00,3.4300467917691564,2
2025-01-11 09:00:00,5.9361060754332975,6
2025-01-11 10:00:00,6.645680639166599,4
2025-01-11 11:00:00,4.488306545377262,4
2025-01-11 12:00:00,5.943107682890098,10
2025-01-11 13:00:00,11.136626059689245,11
2025-01-11 14:00:00,14.58420114085777,13
2025-01-11 15:00:00,8.763565069341249,5
2025-01-11 16:00:00,7.368943375669537,7
2025-01-11 17:00:00,10.569324088531705,5
2025-01-11 18:00:00,8.233647523441695,9
2025-01-11 19:00:00,9.174568687475698,11
2025-01-11 20:00:00,11.228730599214197,13
2025-01-11 21:00:00,8.165718283932687,10
2025-01-11 22:00:00,7.826862660362474,4
2025-01-11 23:00:00,2.8943928170232835,1
2025-01-12 00:00:00,2.1875718610980655,2
2025-01-12 01:00:00,2.113518364708016,1
2025-01-12 02:00:00,1.5175136967072678,1
2025-01-12 03:00:00,2.6285040788673735,1
2025-01-12 04:00:00,1.7674249037959078,1
2025-01-12 05:00:00,1.6315100527973405,3
2025-01-12 06:00:00,1.7944970139333298,2
2025-01-12 07:00:00,2.910551003542274,3
2025-01-12 08:00:00,1.9437877952261107,3
2025-01-12 09:00:00,2.888760841051736,5
2025-01-12 10:00:00,2.978226733731633,2
2025-01-12 11:00:00,2.2768228049531354,2
2025-01-12 12:00:00,2.7203073063656142,4
2025-01-12 13:00:00,2.9769444311141675,2
2025-01-12 14:00:00,2.5516989123686775,0
2025-01-12 15:00:00,2.694826785410436,4
2025-01-12 16:00:00,2.4760017207592417,3
2025-01-12 17:00:00,2.653394852419848,3
2025-01-12 18:00:00,3.340628622663498,5
2025-01-12 19:00:00,5.485608300552704,4
2025-01-12 20:00:00,3.7665099749218713,2
2025-01-12 21:00:00,7.244360490502262,4
2025-01-12 22:00:00,3.9592621946291398,3
2025-01-12 23:00:00,3.827420876098492,2
2025-01-13 00:00:00,4.627647662033937,9
2025-01-13 01:00:00,5.054180369757424,3
2025-01-13 02:00:00,4.190696510231707,1
2025-01-13 03:00:00,3.9719566197437257,4
2025-01-13 04:00:00,3.4655366521061897,0
2025-01-13 05:00:00,2.9576250319614004,4
2025-01-13 06:00:00,3.9177589242797817,6
2025-01-13 07:00:00,4.414172288572486,4
2025-01-13 08:00:00,3.608089253092398,5
2025-01-13 09:00:00,4.8036271112232845,3
2025-01-13 10:00:00,5.278090943332053,5
2025-01-13 11:00:00,6.717504802426301,10
2025-01-13 12:00:00,7.995200992923751,2
2025-01-13 13:00:00,6.090150559639879,7
2025-01-13 14:00:00,5.097533254957054,4
2025-01-13 15:00:00,6.372417347632808,3
2025-01-13 16:00:00,7.560693493442743,8
2025-01-13 17:00:00,7.359678056477216,11
2025-01-13 18:00:00,7.477402636682822,13
2025-01-13 19:00:00,10.75168601012842,11
2025-01-13 20:00:00,8.665156033873927,2
2025-01-13 21:00:00,9.933824439416085,10
2025-01-13 22:00:00,9.03370305096205,9
2025-01-13 23:00:00,8.215986116874014,12
2025-01-14 00:00:00,11.143792817751331,17
2025-01-14 01:00:00,13.714248282451765,14
2025-01-14 02:00:00,16.64380930504606,6
2025-01-14 03:00:00,23.186076667114833,18
2025-01-14 04:00:00,21.60981058280763,23
2025-01-14 05:00:00,24.644353861314915,26
2025-01-14 06:00:00,20.732702809929066,24
2025-01-14 07:00:00,21.281719949679125,19
2025-01-14 08:00:00,19.037011174769955,28
2025-01-14 09:00:00,18.331785651639017,17
2025-01-14 10:00:00,20.536907916287205,20
2025-01-14 11:00:00,14.971047384166303,11
2025-01-14 12:00:00,26.549219019058064,21
2025-01-14 13:00:00,18.060315120335865,23
2025-01-14 14:00:00,11.766381717414315,5
2025-01-14 15:00:00,15.956867376413053,24
2025-01-14 16:00:00,19.09383546128614,18
2025-01-14 17:00:00,21.53339737882241,27
2025-01-14 18:00:00,24.169714680443978,27
2025-01-14 19:00:00,22.256703279271377,24
2025-01-14 20:00:00,15.780999556819378,21
2025-01-14 21:00:00,15.242378184387961,12
2025-01-14 22:00:00,11.765823197268931,3
2025-01-14 23:00:00,15.10380737246289,18
2025-01-15 00:00:00,13.674792770308459,13
2025-01-15 01:00:00,10.151274063977313,7
2025-01-15 02:00:00,8.897545064357082,2
2025-01-15 03:00:00,9.784876358677762,17
2025-01-15 04:00:00,7.989679101839069,9
2025-01-15 05:00:00,6.098536617480694,6
2025-01-15 06:00:00,6.496245927975041,13
2025-01-15 07:00:00,6.900715517683774,10
2025-01-15 08:00:00,5.832424570612902,5
2025-01-15 09:00:00,5.02498041565236,8
2025-01-15 10:00:00,5.385915769902866,7
2025-01-15 11:00:00,3.475174108582627,3
2025-01-15 12:00:00,2.3200647974234174,4
2025-01-15 13:00:00,1.943429097335587,3
2025-01-15 14:00:00,1.9110809786448384,1
2025-01-15 15:00:00,2.2012596236109094,2
2025-01-15 16:00:00,3.5703264199619054,4
2025-01-15 17:00:00,4.696389194978434,3
2025-01-15 18:00:00,4.490412623437787,3
2025-01-15 19:00:00,4.4889301494870715,7
2025-01-15 20:00:00,3.3409218288530202,2
2025-01-15 21:00:00,3.390076142710114,3
2025-01-15 22:00:00,3.1698493622222648,3
2025-01-15 23:00:00,3.572577511622169,4
2025-01-16 00:00:00,2.834670128220802,2
2025-01-16 01:00:00,3.4079302586247606,4
2025-01-16 02:00:00,5.501899834373267,3
2025-01-16 03:00:00,5.2998718194599626,4
2025-01-16 04:00:00,5.96127220639059,10
2025-01-16 05:00:00,7.2683900299533954,9
2025-01-16 06:00:00,6.324707740405536,9
2025-01-16 07:00:00,6.685495141401346,2
2025-01-16 08:00:00,6.614028194651964,6
2025-01-16 09:00:00,6.716102215106573,6
2025-01-16 10:00:00,5.2480234566517305,3
2025-01-16 11:00:00,5.273972602553906,3
2025-01-16 12:00:00,6.107491188682716,11
2025-01-16 13:00:00,9.345129096691155,12
2025-01-16 14:00:00,12.077758685507497,15
2025-01-16 15:00:00,22.04804613011347,24
2025-01-16 16:00:00,16.26198888822379,19
2025-01-16 17:00:00,19.91666822531253,19
2025-01-16 18:00:00,19.637747927815717,28
2025-01-16 19:00:00,35.374588481917975,42
2025-01-16 20:00:00,25.17059496542119,24
2025-01-16 21:00:00,18.046431553683796,15
2025-01-16 22:00:00,14.139250748723658,21
2025-01-16 23:00:00,7.09797914292312,6
2025-01-17 00:00:00,5.956988088739805,6
2025-01-17 01:00:00,4.70238038925697,4
2025-01-17 02:00:00,4.934520157099897,7
2025-01-17 03:00:00,5.470890236699633,7
2025-01-17 04:00:00,9.56195717866123,12
2025-01-17 05:00:00,12.311106930458191,8
2025-01-17 06:00:00,9.898443904736451,6
2025-01-17 07:00:00,7.306074895054117,6
2025-01-17 08:00:00,8.308827614197721,6
2025-01-17 09:00:00,5.451302250763055,7
2025-01-17 10:00:00,9.402459691388303,8
2025-01-17 11:00:00,12.97762460075299,15
2025-01-17 12:00:00,10.748697188438255,10
2025-01-17 13:00:00,6.18778300219777,3
2025-01-17 14:00:00,9.18968472272398,7
2025-01-17 15:00:00,8.613127473327042,13
2025-01-17 16:00:00,12.151345501611761,11
2025-01-17 17:00:00,7.204540896422479,7
2025-01-17 18:00:00,5.909937881728267,7
2025-01-17 19:00:00,5.869964347613728,3
2025-01-17 20:00:00,5.905724920178806,5
2025-01-17 21:00:00,5.117051272412856,3
2025-01-17 22:00:00,6.161229227911416,10
2025-01-17 23:00:00,4.42623023509114,4
2025-01-18 00:00:00,4.2670763458740035,9
2025-01-18 01:00:00,4.459082540829236,4
2025-01-18 02:00:00,5.233076942198132,5
2025-01-18 03:00:00,6.463725265486396,8
2025-01-18 04:00:00,4.553858043082645,4
2025-01-18 05:00:00,2.8875653276208006,3
2025-01-18 06:00:00,4.35431782861355,5
2025-01-18 07:00:00,4.844168732754236,3
2025-01-18 08:00:00,3.8760353343198113,1
2025-01-18 09:00:00,6.2519265105436395,5
2025-01-18 10:00:00,6.400777458966025,9
2025-01-18 11:00:00,9.005716467350627,9
2025-01-18 12:00:00,8.923551359691935,6
2025-01-18 13:00:00,16.086100479322617,13
2025-01-18 14:00:00,25.690774137073397,30
2025-01-18 15:00:00,21.96846461246231,26
2025-01-18 16:00:00,27.305025767779306,33
2025-01-18 17:00:00,30.441351195960095,31
2025-01-18 18:00:00,41.93300340646933,50
2025-01-18 19:00:00,28.226588426471956,32
2025-01-18 20:00:00,31.80229637009757,35
2025-01-18 21:00:00,39.82762698154245,34
2025-01-18 22:00:00,21.18265794821317,19
2025-01-18 23:00:00,13.818634759337577,15
2025-01-19 00:00:00,7.123643821056944,10
2025-01-19 01:00:00,6.455278989620767,8
2025-01-19 02:00:00,7.904149733028879,10
2025-01-19 03:00:00,12.124128043041056,13
2025-01-19 04:00:00,11.859603650482368,18
2025-01-19 05:00:00,18.514193138026734,20
2025-01-19 06:00:00,11.46217187269116,4
2025-01-19 07:00:00,6.596615828563474,9
2025-01-19 08:00:00,6.398326757356934,8
2025-01-19 09:00:00,7.091708017808536,6
2025-01-19 10:00:00,6.900841613112635,4
2025-01-19 11:00:00,3.6520931677366204,3
2025-01-19 12:00:00,3.6120350306356497,1
2025-01-19 13:00:00,2.482308099615062,5
2025-01-19 14:00:00,3.1427651465517665,2
2025-01-19 15:00:00,3.5905279399049195,2
2025-01-19 16:00:00,2.7535534670258444,1
2025-01-19 17:00:00,2.4316242639212278,2
2025-01-19 18:00:00,1.8346235703868017,2
2025-01-19 19:00:00,1.8930050161462637,0
2025-01-19 20:00:00,2.6465895204780856,3
2025-01-19 21:00:00,2.032694651940393,1
2025-01-19 22:00:00,2.473366211458388,1
2025-01-19 23:00:00,2.185174457264726,2
2025-01-20 00:00:00,1.7953875986395338,0
2025-01-20 01:00:00,1.8300122706503301,1
2025-01-20 02:00:00,1.4105867285776121,1
2025-01-20 03:00:00,1.2727533610093644,1
2025-01-20 04:00:00,0.9514500921905357,2
2025-01-20 05:00:00,1.8637857942727154,3
2025-01-20 06:00:00,1.9788784879769497,4
2025-01-20 07:00:00,1.680275879697847,2
2025-01-20 08:00:00,1.89207850553269,2
2025-01-20 09:00:00,1.9204617381272042,2
2025-01-20 10:00:00,1.8853592366408007,2
2025-01-20 11:00:00,2.380080631483509,2
2025-01-20 12:00:00,3.100309224099006,4
2025-01-20 13:00:00,2.70810279682682,3
2025-01-20 14:00:00,2.349405511783546,2
2025-01-20 15:00:00,2.2465834439049304,1
2025-01-20 16:00:00,1.1721452411339615,1
2025-01-20 17:00:00,0.7999615666570458,3
2025-01-20 18:00:00,1.3211494609457832,2
2025-01-20 19:00:00,2.312985843945507,0
2025-01-20 20:00:00,2.2308292640214846,3
2025-01-20 21:00:00,2.761278229026938,2
2025-01-20 22:00:00,3.1228809463671783,3
2025-01-20 23:00:00,8.052272070355512,10
2025-01-21 00:00:00,11.00116251729876,9
2025-01-21 01:00:00,10.177684416518419,10
2025-01-21 02:00:00,7.374273645510835,10
2025-01-21 03:00:00,4.4666359336730475,5
2025-01-21 04:00:00,4.774621707522246,2
2025-01-21 05:00:00,3.8141417870748686,4
2025-01-21 06:00:00,2.5233204688545245,2
2025-01-21 07:00:00,2.1507076486257644,1
2025-01-21 08:00:00,1.6217642097761749,1
2025-01-21 09:00:00,2.8461102356733816,2
2025-01-21 10:00:00,3.813774547275712,4
2025-01-21 11:00:00,3.856532744542159,4
2025-01-21 12:00:00,6.090530805051816,4
2025-01-21 13:00:00,6.172357551502854,5
2025-01-21 14:00:00,4.716954961185442,8
2025-01-21 15:00:00,7.470891993069266,7
2025-01-21 16:00:00,8.607282013163072,7
2025-01-21 17:00:00,6.13663293903559,3
2025-01-21 18:00:00,5.73697858113094,6
2025-01-21 19:00:00,4.3814182666670884,7
2025-01-21 20:00:00,2.9128612036559574,0
2025-01-21 21:00:00,3.951140210026671,5
2025-01-21 22:00:00,7.089401170866803,6
2025-01-21 23:00:00,4.579420471751865,5
2025-01-22 00:00:00,5.44586442442618,5
2025-01-22 01:00:00,4.461088521333318,10
2025-01-22 02:00:00,3.876595964648624,1
2025-01-22 03:00:00,3.2869605284071324,4
2025-01-22 04:00:00,2.5902121579483417,2
2025-01-22 05:00:00,2.716056959462883,1
2025-01-22 06:00:00,2.1823646328861948,1
2025-01-22 07:00:00,2.466986775908817,2
2025-01-22 08:00:00,2.5174539816751427,2
2025-01-22 09:00:00,2.4251009304501503,5
2025-01-22 10:00:00,1.9151238307525413,1
2025-01-22 11:00:00,1.6900086822799587,0
2025-01-22 12:00:00,2.238008138562155,2
2025-01-22 13:00:00,2.707576585731061,3
2025-01-22 14:00:00,2.0822657607212327,3
2025-01-22 15:00:00,2.2412984558012847,2
2025-01-22 16:00:00,2.9229419612321665,1
2025-01-22 17:00:00,1.8195903800022373,3
2025-01-22 18:00:00,2.2527705013261405,3
2025-01-22 19:00:00,1.921752482377132,1
2025-01-22 20:00:00,2.392232764971139,3
2025-01-22 21:00:00,1.9740947379208176,1
2025-01-22 22:00:00,1.20335284895503,1
2025-01-22 23:00:00,0.7929978890698915,0
2025-01-23 00:00:00,0.8821081568139805,2
2025-01-23 01:00:00,1.039999333828945,1
2025-01-23 02:00:00,0.8576458534356314,0
2025-01-23 03:00:00,1.1344679919273357,0
2025-01-23 04:00:00,0.7422059585459719,2
2025-01-23 05:00:00,0.8004556739518729,0
2025-01-23 06:00:00,0.6100109450407016,0
2025-01-23 07:00:00,0.5573045628377138,0
2025-01-23 08:00:00,0.6308294550870152,0
2025-01-23 09:00:00,0.5404593474300252,2
2025-01-23 10:00:00,0.538232943313373,0
2025-01-23 11:00:00,0.8137265505628861,0
2025-01-23 12:00:00,0.7494467416251962,0
2025-01-23 13:00:00,1.0588469233420572,1
2025-01-23 14:00:00,0.8153655992374609,2
2025-01-23 15:00:00,1.0465514280550408,1
2025-01-23 16:00:00,1.7439765271529957,0
2025-01-23 17:00:00,0.8757610654980404,1
2025-01-23 18:00:00,0.7522958886479552,0
2025-01-23 19:00:00,0.983339594031868,0
2025-01-23 20:00:00,1.0036040448677381,2
2025-01-23 21:00:00,1.2155946065649854,3
2025-01-23 22:00:00,1.0884427636630405,4
2025-01-23 23:00:00,1.2055783960869286,2
2025-01-24 00:00:00,1.2353819593772386,1
2025-01-24 01:00:00,1.8806504577660015,2
2025-01-24 02:00:00,2.1315192076838754,4
2025-01-24 03:00:00,2.4614384488210415,4
2025-01-24 04:00:00,2.253799422751967,2
2025-01-24 05:00:00,2.026229307079146,0
2025-01-24 06:00:00,1.8618529318923565,1
2025-01-24 07:00:00,2.2018570557204806,4
2025-01-24 08:00:00,2.0218493570795446,5
2025-01-24 09:00:00,2.3076191863426003,1
2025-01-24 10:00:00,4.470488362916876,5
2025-01-24 11:00:00,5.838255753907621,5
2025-01-24 12:00:00,5.253399085330014,4
2025-01-24 13:00:00,7.513997531269052,3
2025-01-24 14:00:00,6.514161643867289,3
2025-01-24 15:00:00,3.487949858052745,3
2025-01-24 16:00:00,2.624510562327123,3
2025-01-24 17:00:00,1.5463294475791276,0
2025-01-24 18:00:00,1.4756634324992748,1
2025-01-24 19:00:00,1.5771977542276883,0
2025-01-24 20:00:00,2.762870853570915,1
2025-01-24 21:00:00,3.139322135019949,2
2025-01-24 22:00:00,3.0088209414724423,4
2025-01-24 23:00:00,3.9581013126771185,5
2025-01-25 00:00:00,2.0628892001339167,3
2025-01-25 01:00:00,2.3141869384327065,3
2025-01-25 02:00:00,3.0308313189134375,3
2025-01-25 03:00:00,1.9942960266617809,2
2025-01-25 04:00:00,2.942838735666786,3
2025-01-25 05:00:00,3.344866411888925,4
2025-01-25 06:00:00,3.0130140997418784,1
2025-01-25 07:00:00,3.736316930368541,4
2025-01-25 08:00:00,7.4922944354443635,5
2025-01-25 09:00:00,7.754033051417268,11
2025-01-25 10:00:00,8.172219349296817,11
2025-01-25 11:00:00,6.947397423563017,9
2025-01-25 12:00:00,5.2960822383129775,5
2025-01-25 13:00:00,6.774676524310288,7
2025-01-25 14:00:00,5.16124994199119,6
2025-01-25 15:00:00,5.264897169402097,8
2025-01-25 16:00:00,4.550254635707719,5
2025-01-25 17:00:00,5.278225062881672,3
2025-01-25 18:00:00,5.81814168201726,6
2025-01-25 19:00:00,7.882662641217682,3
2025-01-25 20:00:00,6.612087637098342,6
2025-01-25 21:00:00,6.013241038285749,5
2025-01-25 22:00:00,4.442016608627173,4
2025-01-25 23:00:00,3.91078045461021,9
2025-01-26 00:00:00,4.433601149655666,0
2025-01-26 01:00:00,5.597499763979861,5
2025-01-26 02:00:00,4.220806925438518,5
2025-01-26 03:00:00,5.525527288953466,5
2025-01-26 04:00:00,8.257096389513512,3
2025-01-26 05:00:00,9.115914349137476,8
2025-01-26 06:00:00,15.534001542282349,9
2025-01-26 07:00:00,11.637292843929536,10
2025-01-26 08:00:00,7.6796930909958805,4
2025-01-26 09:00:00,4.408376257099445,8
2025-01-26 10:00:00,6.949128762173132,7
2025-01-26 11:00:00,8.318376233955393,9
2025-01-26 12:00:00,7.975227798727473,7
2025-01-26 13:00:00,8.473856223384303,5
2025-01-26 14:00:00,5.888266149552239,5
2025-01-26 15:00:00,12.164367638186098,12
2025-01-26 16:00:00,12.095381595180593,9
2025-01-26 17:00:00,11.958864980543474,15
2025-01-26 18:00:00,14.233539032323113,17
2025-01-26 19:00:00,15.605067392407076,17
2025-01-26 20:00:00,15.76595727270475,12
2025-01-26 21:00:00,11.743382857645447,12
2025-01-26 22:00:00,12.962205159178966,19
2025-01-26 23:00:00,21.736984851787767,19
2025-01-27 00:00:00,30.239902624970014,35
2025-01-27 01:00:00,44.573169544486795,41
2025-01-27 02:00:00,34.27385045682466,32
2025-01-27 03:00:00,23.132857311111323,22
2025-01-27 04:00:00,20.633730112179457,29
2025-01-27 05:00:00,19.54598968323797,13
2025-01-27 06:00:00,25.35208508567394,40
2025-01-27 07:00:00,14.068671365215767,7
2025-01-27 08:00:00,21.138370708612186,21
2025-01-27 09:00:00,18.757711291092573,18
2025-01-27 10:00:00,15.447269626584738,14
2025-01-27 11:00:00,10.776859907783498,15
2025-01-27 12:00:00,6.312590093201322,9
2025-01-27 13:00:00,7.98721257068746,7
2025-01-27 14:00:00,7.975840446311074,9
2025-01-27 15:00:00,5.291383815659898,4
2025-01-27 16:00:00,3.5777140981417954,1
2025-01-27 17:00:00,3.289463094880499,2
2025-01-27 18:00:00,5.542061224260978,9
2025-01-27 19:00:00,5.100520836040457,6
2025-01-27 20:00:00,3.245938543616189,5
2025-01-27 21:00:00,3.0810895534569855,2
2025-01-27 22:00:00,2.9086060505080105,3
2025-01-27 23:00:00,1.3306880661303508,0
2025-01-28 00:00:00,1.3987720988366963,2
2025-01-28 01:00:00,1.3909772770198452,0
2025-01-28 02:00:00,1.8273010703872432,3
2025-01-28 03:00:00,3.346305076018142,1
2025-01-28 04:00:00,4.787006845808226,10
2025-01-28 05:00:00,4.425642040898622,6
2025-01-28 06:00:00,3.194909355930341,1
2025-01-28 07:00:00,7.070708008797289,6
2025-01-28 08:00:00,7.073815524831302,3
2025-01-28 09:00:00,6.981268928025778,7
2025-01-28 10:00:00,6.816209529135984,6
2025-01-28 11:00:00,7.122335399517289,2
2025-01-28 12:00:00,6.700871987904622,6
2025-01-28 13:00:00,5.559449406025751,2
2025-01-28 14:00:00,4.693311148328712,6
2025-01-28 15:00:00,4.662152880296675,3
2025-01-28 16:00:00,3.974694662010225,5
2025-01-28 17:00:00,3.2464714370650025,2
2025-01-28 18:00:00,3.424964901909005,5
2025-01-28 19:00:00,3.233339141685294,1
2025-01-28 20:00:00,5.188836110027103,6
2025-01-28 21:00:00,2.3381614094881735,3
2025-01-28 22:00:00,3.3696895025615117,4
2025-01-28 23:00:00,4.994698388191836,8
2025-01-29 00:00:00,2.681598312603758,1
2025-01-29 01:00:00,2.496171028892097,2
2025-01-29 02:00:00,2.3118769029081454,4
2025-01-29 03:00:00,1.5751887534810376,2
2025-01-29 04:00:00,1.3215208632538977,0
2025-01-29 05:00:00,1.0122172506181781,4
2025-01-29 06:00:00,1.8546371860248971,2
2025-01-29 07:00:00,2.580491923941584,3
2025-01-29 08:00:00,3.906022022757543,4
2025-01-29 09:00:00,4.910456995566704,2
2025-01-29 10:00:00,3.50277329798745,6
2025-01-29 11:00:00,3.046499084041853,2
2025-01-29 12:00:00,3.6167567525051707,4
2025-01-29 13:00:00,2.547550648363748,0
2025-01-29 14:00:00,3.26332682604363,3
2025-01-29 15:00:00,3.101804662476183,4
2025-01-29 16:00:00,2.838882645533245,5
2025-01-29 17:00:00,3.6146675927304286,0
2025-01-29 18:00:00,4.19754904095579,9
2025-01-29 19:00:00,3.7998355880208994,2
2025-01-29 20:00:00,5.454717039347737,5
2025-01-29 21:00:00,3.9267401612901054,1
2025-01-29 22:00:00,4.781105058511049,5
2025-01-29 23:00:00,5.724987645272564,5
2025-01-30 00:00:00,5.182079044365371,10
2025-01-30 01:00:00,5.704514170685771,4
2025-01-30 02:00:00,3.8935944449484508,6
2025-01-30 03:00:00,5.20201534352351,10
2025-01-30 04:00:00,4.911576970158807,5
2025-01-30 05:00:00,4.202460981312942,4
2025-01-30 06:00:00,5.806984689994462,9
2025-01-30 07:00:00,4.665883315420172,3
2025-01-30 08:00:00,3.068524460483754,2
2025-01-30 09:00:00,1.9711558905315312,3
2025-01-30 10:00:00,2.4767915489229515,3
2025-01-30 11:00:00,1.7471028164520854,3
2025-01-30 12:00:00,3.117311989512825,3
2025-01-30 13:00:00,1.709183220343075,3
2025-01-30 14:00:00,3.0000340338380154,6
2025-01-30 15:00:00,3.278774050175708,5
2025-01-30 16:00:00,3.2529233034286285,2
2025-01-30 17:00:00,2.822357521164377,4
2025-01-30 18:00:00,3.2736534991008166,4
2025-01-30 19:00:00,3.306177843664212,5
2025-01-30 20:00:00,4.6995446111743275,7
2025-01-30 21:00:00,4.878474274749849,5
2025-01-30 22:00:00,5.109764516645611,5
2025-01-30 23:00:00,4.576725958390053,1
2025-01-31 00:00:00,4.519145378621145,5
2025-01-31 01:00:00,4.9814408759501765,6
2025-01-31 02:00:00,2.982776566499096,5
2025-01-31 03:00:00,2.042609463904844,3
2025-01-31 04:00:00,2.6697046712422705,3
2025-01-31 05:00:00,2.899681752691347,5
2025-01-31 06:00:00,2.819748892321476,2
2025-01-31 07:00:00,2.91776385396133,0
2025-01-31 08:00:00,3.326840486436272,4
2025-01-31 09:00:00,2.8877160331216696,1
2025-01-31 10:00:00,2.3500182009943877,2
2025-01-31 11:00:00,2.588108737313712,2
2025-01-31 12:00:00,1.9943956746368885,2
2025-01-31 13:00:00,2.3602599294812565,0
2025-01-31 14:00:00,1.4703933930447641,2
2025-01-31 15:00:00,2.1286161359855207,1
2025-01-31 16:00:00,2.559852409131147,3
2025-01-31 17:00:00,2.8583168564354393,4
2025-01-31 18:00:00,3.947176383477896,7
2025-01-31 19:00:00,6.582829633893815,5
2025-01-31 20:00:00,8.802399626566645,5
2025-01-31 21:00:00,4.925780685647878,3
2025-01-31 22:00:00,3.3580399101148286,2
2025-01-31 23:00:00,2.840033630416824,5
2025-02-01 00:00:00,2.9444566760987354,2
2025-02-01 01:00:00,3.531411664869989,2
2025-02-01 02:00:00,2.8903036417048917,2
2025-02-01 03:00:00,3.141798509760734,2
2025-02-01 04:00:00,2.5636003448988913,4
2025-02-01 05:00:00,2.2063919446531464,3
2025-02-01 06:00:00,1.507215961361951,1
2025-02-01 07:00:00,1.2131896017955142,4
2025-02-01 08:00:00,0.8681044769168633,1
2025-02-01 09:00:00,0.707044886509892,0
2025-02-01 10:00:00,1.0695482515611798,0
2025-02-01 11:00:00,0.8689469309081554,0
2025-02-01 12:00:00,2.0891075215142316,2
2025-02-01 13:00:00,2.530374637612152,2
2025-02-01 14:00:00,2.767298944332143,4
2025-02-01 15:00:00,2.2032701950471196,1
2025-02-01 16:00:00,2.8320771932884186,2
2025-02-01 17:00:00,2.4515989861389937,4
2025-02-01 18:00:00,2.6352505849908603,1
2025-02-01 19:00:00,5.865141567148368,7
2025-02-01 20:00:00,5.653242159778223,8
2025-02-01 21:00:00,7.931733777273449,8
2025-02-01 22:00:00,6.276716746516426,6
2025-02-01 23:00:00,6.140953538553236,5
2025-02-02 00:00:00,10.339206386808035,15
2025-02-02 01:00:00,8.260852058062719,4
2025-02-02 02:00:00,13.875959537755797,15
2025-02-02 03:00:00,16.30460199127894,15
2025-02-02 04:00:00,12.98255965341821,8
2025-02-02 05:00:00,14.963602679746078,9
2025-02-02 06:00:00,18.96467345474655,13
2025-02-02 07:00:00,21.380171843258243,30
2025-02-02 08:00:00,12.413011359130858,22
2025-02-02 09:00:00,9.536616015958923,13
2025-02-02 10:00:00,8.572831517548844,9
2025-02-02 11:00:00,8.160537524208035,17
2025-02-02 12:00:00,9.592850320905029,9
2025-02-02 13:00:00,9.793798267693248,14
2025-02-02 14:00:00,6.344133171015188,3
2025-02-02 15:00:00,7.026475318317389,6
2025-02-02 16:00:00,8.296622978579514,10
2025-02-02 17:00:00,9.568391976961628,12
2025-02-02 18:00:00,12.810280581109227,9
2025-02-02 19:00:00,15.69565872827484,16
2025-02-02 20:00:00,17.01237246469788,13
2025-02-02 21:00:00,15.668714386154102,6
2025-02-02 22:00:00,8.991379860369376,11
2025-02-02 23:00:00,9.932481738801275,15
2025-02-03 00:00:00,10.214395546968156,10
2025-02-03 01:00:00,10.692619076902469,9
2025-02-03 02:00:00,7.018316226853803,5
2025-02-03 03:00:00,4.989082884875377,7
2025-02-03 04:00:00,6.843554420445804,5
2025-02-03 05:00:00,6.657521284687825,7
2025-02-03 06:00:00,8.05168977099963,6
2025-02-03 07:00:00,7.929224901915816,5
2025-02-03 08:00:00,7.817980408458504,3
2025-02-03 09:00:00,10.130614580393937,9
2025-02-03 10:00:00,8.3766021727759,6
2025-02-03 11:00:00,8.40207226929316,10
2025-02-03 12:00:00,7.126667718017159,7
2025-02-03 13:00:00,6.145834920124426,9
2025-02-03 14:00:00,5.543943840307685,3
2025-02-03 15:00:00,5.895461705891203,5
2025-02-03 16:00:00,5.064832256703015,7
2025-02-03 17:00:00,7.377270368084371,8
2025-02-03 18:00:00,5.532131704412057,3
2025-02-03 19:00:00,5.204142601536234,3
2025-02-03 20:00:00,4.551854774195648,4
2025-02-03 21:00:00,7.059140584667549,5
2025-02-03 22:00:00,7.359893604747687,11
2025-02-03 23:00:00,9.8381576258049,14
2025-02-04 00:00:00,6.090674440005955,8
2025-02-04 01:00:00,6.533925135328298,5
2025-02-04 02:00:00,8.419231867395462,7
2025-02-04 03:00:00,8.407715191602547,6
2025-02-04 04:00:00,11.2774852193315,13
2025-02-04 05:00:00,9.271574612595522,12
2025-02-04 06:00:00,13.720371410096428,13
2025-02-04 07:00:00,25.99954247402192,27
2025-02-04 08:00:00,21.472978294732744,28
2025-02-04 09:00:00,17.46635911022887,22
2025-02-04 10:00:00,25.37463615023947,25
2025-02-04 11:00:00,37.577525017243524,37
2025-02-04 12:00:00,29.040741216428888,26
2025-02-04 13:00:00,23.445546881713238,17
2025-02-04 14:00:00,19.9430968812576,24
2025-02-04 15:00:00,12.433266363522174,9
2025-02-04 16:00:00,9.018095598070696,11
2025-02-04 17:00:00,6.478578942434278,3
2025-02-04 18:00:00,5.079479288295685,2
2025-02-04 19:00:00,5.022936615006215,3
2025-02-04 20:00:00,5.387332281130067,4
2025-02-04 21:00:00,8.54605566784254,13
2025-02-04 22:00:00,6.16668885767485,5
2025-02-04 23:00:00,8.198674993200282,6
2025-02-05 00:00:00,7.501096198198616,7
2025-02-05 01:00:00,7.24223234536025,6
2025-02-05 02:00:00,8.70459252173975,12
2025-02-05 03:00:00,6.045495888116015,9
2025-02-05 04:00:00,6.716335258082939,9
2025-02-05 05:00:00,6.956824237504862,3
2025-02-05 06:00:00,7.932309294874502,12
2025-02-05 07:00:00,8.453829059220569,12
2025-02-05 08:00:00,17.200706272603874,20
2025-02-05 09:00:00,13.354492210547054,16
2025-02-05 10:00:00,10.84205974531685,9
2025-02-05 11:00:00,8.652004943771288,10
2025-02-05 12:00:00,7.125859036345404,6
2025-02-05 13:00:00,5.782288442020296,4
2025-02-05 14:00:00,8.200838515896013,5
2025-02-05 15:00:00,12.251492382864924,13
2025-02-05 16:00:00,9.871120535191316,7
2025-02-05 17:00:00,7.432765013358302,7
2025-02-05 18:00:00,8.393852538320616,9
2025-02-05 19:00:00,6.930483637461069,11
2025-02-05 20:00:00,8.24399091228221,12
2025-02-05 21:00:00,8.545109530167387,5
2025-02-05 22:00:00,5.27954457320619,4
2025-02-05 23:00:00,8.376006947306209,13
2025-02-06 00:00:00,13.989932102791961,8
2025-02-06 01:00:00,11.056918350378362,9
2025-02-06 02:00:00,9.459929573653355,8
2025-02-06 03:00:00,9.983594584779834,7
2025-02-06 04:00:00,10.662202135437916,8
2025-02-06 05:00:00,12.50845612135246,10
2025-02-06 06:00:00,21.83726506965747,31
2025-02-06 07:00:00,19.236793027770325,24
2025-02-06 08:00:00,14.153560722748042,9
2025-02-06 09:00:00,8.883041851158133,7
2025-02-06 10:00:00,6.931870778195851,10
2025-02-06 11:00:00,6.752123497124961,8
2025-02-06 12:00:00,11.395328034613579,11
2025-02-06 13:00:00,9.36268195679942,12
2025-02-06 14:00:00,9.70366331197153,9
2025-02-06 15:00:00,9.341093554212035,11
2025-02-06 16:00:00,12.931834208401954,16
2025-02-06 17:00:00,26.318156466267997,32
2025-02-06 18:00:00,20.65499898335038,18
2025-02-06 19:00:00,16.613233323061536,10
2025-02-06 20:00:00,21.400402844496707,22
2025-02-06 21:00:00,24.416975351988846,19
2025-02-06 22:00:00,39.25185737702287,26
2025-02-06 23:00:00,42.188563524939624,50
2025-02-07 00:00:00,34.04645744167345,21
2025-02-07 01:00:00,36.92940188254791,43
2025-02-07 02:00:00,46.6018668232763,43
2025-02-07 03:00:00,53.31272900955035,48
2025-02-07 04:00:00,55.1479994182845,60
2025-02-07 05:00:00,67.35611875031245,69
2025-02-07 06:00:00,83.99477832288666,89
2025-02-07 07:00:00,110.42499313535309,106
2025-02-07 08:00:00,114.91635690281342,101
2025-02-07 09:00:00,93.4410519790346,97
2025-02-07 10:00:00,84.34792763417528,71
2025-02-07 11:00:00,105.17517712889645,107
2025-02-07 12:00:00,70.68526548884722,78
2025-02-07 13:00:00,69.15837563124593,78
2025-02-07 14:00:00,53.89563367120161,59
2025-02-07 15:00:00,48.26913530736524,44
2025-02-07 16:00:00,63.24146472598426,59
2025-02-07 17:00:00,58.992704328628285,50
2025-02-07 18:00:00,52.875809759026204,45
2025-02-07 19:00:00,31.251385386769435,31
2025-02-07 20:00:00,35.669946076154886,30
2025-02-07 21:00:00,39.24053282446475,44
2025-02-07 22:00:00,67.73974040546094,81
2025-02-07 23:00:00,54.21880421657332,57
2025-02-08 00:00:00,51.39769843782952,43
2025-02-08 01:00:00,49.298848561241996,51
2025-02-08 02:00:00,70.5776532591508,66
2025-02-08 03:00:00,60.085054043252576,58
2025-02-08 04:00:00,57.69389851056873,53
2025-02-08 05:00:00,61.266591860813676,58
2025-02-08 06:00:00,57.164186823732535,52
2025-02-08 07:00:00,44.264058587427165,34
2025-02-08 08:00:00,42.071193694930294,52
2025-02-08 09:00:00,52.19342495488656,68
2025-02-08 10:00:00,34.1146191885136,30
2025-02-08 11:00:00,32.25272401021038,29
2025-02-08 12:00:00,23.816009699752744,18
2025-02-08 13:00:00,31.526422814964107,30
2025-02-08 14:00:00,18.206898072390974,13
2025-02-08 15:00:00,14.432835471001662,16
2025-02-08 16:00:00,15.32776695702096,9
2025-02-08 17:00:00,23.180509571110687,21
2025-02-08 18:00:00,21.049841852361098,21
2025-02-08 19:00:00,16.584365801817505,19
2025-02-08 20:00:00,27.46346091670886,24
2025-02-08 21:00:00,16.33453096877235,16
2025-02-08 22:00:00,7.960146255071033,14
2025-02-08 23:00:00,8.874670744001394,11
2025-02-09 00:00:00,7.417905961750078,6
2025-02-09 01:00:00,5.353786204262202,5
2025-02-09 02:00:00,6.598831853879757,3
2025-02-09 03:00:00,7.001750009781908,11
2025-02-09 04:00:00,5.8130211066267385,5
2025-02-09 05:00:00,3.9293576892973876,3
2025-02-09 06:00:00,5.166839932706735,7
2025-02-09 07:00:00,6.269398741592606,4
2025-02-09 08:00:00,6.017161095509934,7
2025-02-09 09:00:00,10.37446797460576,9
2025-02-09 10:00:00,7.255986568391507,11
2025-02-09 11:00:00,4.506630978603061,1
2025-02-09 12:00:00,3.680953583171467,4
2025-02-09 13:00:00,3.6869860768621097,5
2025-02-09 14:00:00,4.027084263309481,2
2025-02-09 15:00:00,3.786687226674839,0
2025-02-09 16:00:00,4.267403194438732,3
2025-02-09 17:00:00,2.9549014051443567,4
2025-02-09 18:00:00,4.678105861092811,6
2025-02-09 19:00:00,4.579432923812563,5
2025-02-09 20:00:00,6.4311737287973445,12
2025-02-09 21:00:00,7.038455152637323,8
2025-02-09 22:00:00,7.935268045305852,6
2025-02-09 23:00:00,9.199538838505541,10
2025-02-10 00:00:00,10.206044597325983,19
2025-02-10 01:00:00,11.942695882864363,13
2025-02-10 02:00:00,17.03604731752187,20
2025-02-10 03:00:00,16.996257956378514,19
2025-02-10 04:00:00,19.776939011601264,26
2025-02-10 05:00:00,17.972484002035817,16
2025-02-10 06:00:00,25.969087436328284,30
2025-02-10 07:00:00,19.52343905606598,15
2025-02-10 08:00:00,31.305349227523116,27
2025-02-10 09:00:00,28.21980526987389,24
2025-02-10 10:00:00,16.848509714757256,15
2025-02-10 11:00:00,16.476783316444468,21
2025-02-10 12:00:00,12.654477445178536,14
2025-02-10 13:00:00,15.545566820712219,17
2025-02-10 14:00:00,12.076620972899315,11
2025-02-10 15:00:00,10.107975104964718,13
2025-02-10 16:00:00,5.53597756989232,10
2025-02-10 17:00:00,4.808978820470164,5
2025-02-10 18:00:00,2.3286032350021375,3
2025-02-10 19:00:00,1.5042677509042373,1
2025-02-10 20:00:00,2.0066912396242986,1
2025-02-10 21:00:00,2.6587997486300865,4
2025-02-10 22:00:00,3.117683390135607,3
2025-02-10 23:00:00,2.3883786925017305,4
2025-02-11 00:00:00,2.4430384108346708,3
2025-02-11 01:00:00,2.5293731952012055,2
2025-02-11 02:00:00,1.8487975149233908,0
2025-02-11 03:00:00,3.0504833399582885,6
2025-02-11 04:00:00,4.0682609798479445,4
2025-02-11 05:00:00,3.8467840687417008,4
2025-02-11 06:00:00,3.9291112886904025,4
2025-02-11 07:00:00,4.233289455353808,5
2025-02-11 08:00:00,2.313546915021143,2
2025-02-11 09:00:00,2.2325878833454,2
2025-02-11 10:00:00,1.8943579145284322,1
2025-02-11 11:00:00,1.4724414079722314,2
2025-02-11 12:00:00,1.438667820023513,3
2025-02-11 13:00:00,2.6256002486818355,5
2025-02-11 14:00:00,3.286321365651696,5
2025-02-11 15:00:00,2.8275159535967704,3
